type,seq,timestamp,waveform_wander,wander_average,waveform_wander_threshold,someone_status,waveform_jitter,jitter_midean,waveform_jitter_threshold,move_status
RADAR_DADA,2223,2026-02-10 10:17:42.678,0.000000,0.000000,0.000000,0,0.001289,0.000450,0.002252,0
RADAR_DADA,2224,2026-02-10 10:17:42.792,0.000000,0.000000,0.000000,0,0.002532,0.000450,0.002252,0
RADAR_DADA,2225,2026-02-10 10:17:42.905,0.000000,0.000000,0.000000,0,0.000863,0.000450,0.002252,0
RADAR_DADA,2226,2026-02-10 10:17:43.016,0.000000,0.000000,0.000000,0,0.000544,0.000450,0.002252,0
RADAR_DADA,2227,2026-02-10 10:17:43.128,0.000000,0.000000,0.000000,0,0.000938,0.000454,0.002269,0
RADAR_DADA,2228,2026-02-10 10:17:43.254,0.000000,0.000000,0.000000,0,0.001020,0.000539,0.002694,0
RADAR_DADA,2229,2026-02-10 10:17:43.376,0.000000,0.000000,0.000000,0,0.000613,0.000544,0.002722,0
RADAR_DADA,2230,2026-02-10 10:17:43.478,0.000000,0.000000,0.000000,0,0.000292,0.000539,0.002694,0
RADAR_DADA,2231,2026-02-10 10:17:43.594,0.000000,0.000000,0.000000,0,0.000717,0.000544,0.002722,0
RADAR_DADA,2232,2026-02-10 10:17:43.694,0.000000,0.000000,0.000000,0,0.001610,0.000613,0.003067,0
RADAR_DADA,2233,2026-02-10 10:17:43.826,0.000000,0.000000,0.000000,0,0.000125,0.000613,0.003067,0
RADAR_DADA,2234,2026-02-10 10:17:43.936,0.000000,0.000000,0.000000,0,0.000499,0.000613,0.003067,0
RADAR_DADA,2235,2026-02-10 10:17:44.045,0.000000,0.000000,0.000000,0,0.000907,0.000613,0.003067,0
RADAR_DADA,2236,2026-02-10 10:17:44.151,0.000000,0.000000,0.000000,0,0.000291,0.000613,0.003067,0
RADAR_DADA,2237,2026-02-10 10:17:44.276,0.000000,0.000000,0.000000,0,0.000371,0.000613,0.003067,0
RADAR_DADA,2238,2026-02-10 10:17:44.373,0.000000,0.000000,0.000000,0,0.000434,0.000613,0.003067,0
RADAR_DADA,2239,2026-02-10 10:17:44.509,0.000000,0.000000,0.000000,0,0.001448,0.000613,0.003067,0
RADAR_DADA,2240,2026-02-10 10:17:44.612,0.000000,0.000000,0.000000,0,0.000165,0.000544,0.002722,0
RADAR_DADA,2241,2026-02-10 10:17:44.726,0.000000,0.000000,0.000000,0,0.000642,0.000544,0.002722,0
RADAR_DADA,2242,2026-02-10 10:17:44.841,0.000000,0.000000,0.000000,0,0.002052,0.000613,0.003067,0
RADAR_DADA,2243,2026-02-10 10:17:44.965,0.000000,0.000000,0.000000,0,0.000202,0.000613,0.003067,0
RADAR_DADA,2244,2026-02-10 10:17:45.092,0.000000,0.000000,0.000000,0,0.000546,0.000613,0.003067,0
RADAR_DADA,2245,2026-02-10 10:17:45.203,0.000000,0.000000,0.000000,0,0.000641,0.000641,0.003207,0
RADAR_DADA,2246,2026-02-10 10:17:45.313,0.000000,0.000000,0.000000,0,0.000429,0.000641,0.003207,0
RADAR_DADA,2247,2026-02-10 10:17:45.430,0.000000,0.000000,0.000000,0,0.000676,0.000641,0.003207,0
RADAR_DADA,2248,2026-02-10 10:17:45.538,0.000000,0.000000,0.000000,0,0.000238,0.000613,0.003067,0
RADAR_DADA,2249,2026-02-10 10:17:45.649,0.000000,0.000000,0.000000,0,0.000432,0.000546,0.002728,0
RADAR_DADA,2250,2026-02-10 10:17:45.762,0.000000,0.000000,0.000000,0,0.000130,0.000544,0.002722,0
RADAR_DADA,2251,2026-02-10 10:17:45.872,0.000000,0.000000,0.000000,0,0.000083,0.000499,0.002495,0
RADAR_DADA,2252,2026-02-10 10:17:45.987,0.000000,0.000000,0.000000,0,0.000683,0.000499,0.002495,0
RADAR_DADA,2253,2026-02-10 10:17:46.102,0.000000,0.000000,0.000000,0,0.000342,0.000434,0.002169,0
RADAR_DADA,2254,2026-02-10 10:17:46.224,0.000000,0.000000,0.000000,0,0.001194,0.000434,0.002169,0
RADAR_DADA,2255,2026-02-10 10:17:46.327,0.000000,0.000000,0.000000,0,0.000339,0.000434,0.002169,0
RADAR_DADA,2256,2026-02-10 10:17:46.447,0.000000,0.000000,0.000000,0,0.000468,0.000434,0.002169,0
RADAR_DADA,2257,2026-02-10 10:17:46.565,0.000000,0.000000,0.000000,0,0.000308,0.000432,0.002161,0
RADAR_DADA,2258,2026-02-10 10:17:46.669,0.000000,0.000000,0.000000,0,0.000216,0.000432,0.002161,0
RADAR_DADA,2259,2026-02-10 10:17:46.785,0.000000,0.000000,0.000000,0,0.000127,0.000429,0.002144,0
RADAR_DADA,2260,2026-02-10 10:17:46.914,0.000000,0.000000,0.000000,0,0.000131,0.000371,0.001853,0
RADAR_DADA,2261,2026-02-10 10:17:47.027,0.000000,0.000000,0.000000,0,0.000153,0.000371,0.001853,0
RADAR_DADA,2262,2026-02-10 10:17:47.133,0.000000,0.000000,0.000000,0,0.000135,0.000342,0.001711,0
RADAR_DADA,2263,2026-02-10 10:17:47.244,0.000000,0.000000,0.000000,0,0.000417,0.000342,0.001711,0
RADAR_DADA,2264,2026-02-10 10:17:47.356,0.000000,0.000000,0.000000,0,0.000235,0.000339,0.001695,0
RADAR_DADA,2265,2026-02-10 10:17:47.484,0.000000,0.000000,0.000000,0,0.000062,0.000339,0.001695,0
RADAR_DADA,2266,2026-02-10 10:17:47.597,0.000000,0.000000,0.000000,0,0.000381,0.000339,0.001695,0
RADAR_DADA,2267,2026-02-10 10:17:47.708,0.000000,0.000000,0.000000,0,0.000183,0.000308,0.001539,0
RADAR_DADA,2268,2026-02-10 10:17:47.819,0.000000,0.000000,0.000000,0,0.062749,0.000339,0.001695,0
RADAR_DADA,2269,2026-02-10 10:17:47.930,0.000000,0.000000,0.000000,0,0.003039,0.000339,0.001695,1
RADAR_DADA,2270,2026-02-10 10:17:48.038,0.000000,0.000000,0.000000,0,0.000896,0.000339,0.001695,1
RADAR_DADA,2271,2026-02-10 10:17:48.139,0.000000,0.000000,0.000000,0,0.011687,0.000339,0.001695,1
RADAR_DADA,2272,2026-02-10 10:17:48.266,0.000000,0.000000,0.000000,0,0.000418,0.000339,0.001695,1
RADAR_DADA,2273,2026-02-10 10:17:48.378,0.000000,0.000000,0.000000,0,0.000370,0.000342,0.001711,1
RADAR_DADA,2274,2026-02-10 10:17:48.506,0.000000,0.000000,0.000000,0,0.000161,0.000339,0.001695,0
RADAR_DADA,2275,2026-02-10 10:17:48.638,0.000000,0.000000,0.000000,0,0.000522,0.000342,0.001711,0
RADAR_DADA,2276,2026-02-10 10:17:48.732,0.000000,0.000000,0.000000,0,0.000061,0.000342,0.001711,0
RADAR_DADA,2277,2026-02-10 10:17:48.876,0.000000,0.000000,0.000000,0,0.000500,0.000342,0.001711,0
RADAR_DADA,2278,2026-02-10 10:17:48.984,0.000000,0.000000,0.000000,0,0.000128,0.000339,0.001695,0
RADAR_DADA,2279,2026-02-10 10:17:49.090,0.000000,0.000000,0.000000,0,0.000430,0.000339,0.001695,0
RADAR_DADA,2280,2026-02-10 10:17:49.225,0.000000,0.000000,0.000000,0,0.000121,0.000308,0.001539,0
RADAR_DADA,2281,2026-02-10 10:17:49.336,0.000000,0.000000,0.000000,0,0.000274,0.000274,0.001370,0
RADAR_DADA,2282,2026-02-10 10:17:49.447,0.000000,0.000000,0.000000,0,0.000172,0.000235,0.001175,0
RADAR_DADA,2283,2026-02-10 10:17:49.560,0.000000,0.000000,0.000000,0,0.000190,0.000235,0.001175,0
RADAR_DADA,2284,2026-02-10 10:17:49.654,0.000000,0.000000,0.000000,0,0.000213,0.000235,0.001175,0
RADAR_DADA,2285,2026-02-10 10:17:49.769,0.000000,0.000000,0.000000,0,0.000592,0.000274,0.001370,0
RADAR_DADA,2286,2026-02-10 10:17:49.892,0.000000,0.000000,0.000000,0,0.000285,0.000285,0.001424,0
RADAR_DADA,2287,2026-02-10 10:17:50.004,0.000000,0.000000,0.000000,0,0.000528,0.000370,0.001851,0
RADAR_DADA,2288,2026-02-10 10:17:50.116,0.000000,0.000000,0.000000,0,0.000395,0.000370,0.001851,0
RADAR_DADA,2289,2026-02-10 10:17:50.248,0.000000,0.000000,0.000000,0,0.000117,0.000370,0.001851,0
RADAR_DADA,2290,2026-02-10 10:17:50.372,0.000000,0.000000,0.000000,0,0.000264,0.000370,0.001851,0
RADAR_DADA,2291,2026-02-10 10:17:50.484,0.000000,0.000000,0.000000,0,0.000324,0.000324,0.001621,0
RADAR_DADA,2292,2026-02-10 10:17:50.600,0.000000,0.000000,0.000000,0,0.000191,0.000324,0.001621,0
RADAR_DADA,2293,2026-02-10 10:17:50.710,0.000000,0.000000,0.000000,0,0.000164,0.000285,0.001424,0
RADAR_DADA,2294,2026-02-10 10:17:50.820,0.000000,0.000000,0.000000,0,0.000108,0.000274,0.001370,0
RADAR_DADA,2295,2026-02-10 10:17:50.938,0.000000,0.000000,0.000000,0,0.000610,0.000274,0.001370,0
RADAR_DADA,2296,2026-02-10 10:17:51.051,0.000000,0.000000,0.000000,0,0.000372,0.000274,0.001370,0
RADAR_DADA,2297,2026-02-10 10:17:51.172,0.000000,0.000000,0.000000,0,0.000397,0.000274,0.001370,0
RADAR_DADA,2298,2026-02-10 10:17:51.268,0.000000,0.000000,0.000000,0,0.000229,0.000264,0.001318,0
RADAR_DADA,2299,2026-02-10 10:17:51.380,0.000000,0.000000,0.000000,0,0.000169,0.000264,0.001318,0
RADAR_DADA,2300,2026-02-10 10:17:51.509,0.000000,0.000000,0.000000,0,0.000165,0.000229,0.001144,0
RADAR_DADA,2301,2026-02-10 10:17:51.623,0.000000,0.000000,0.000000,0,0.000271,0.000264,0.001318,0
RADAR_DADA,2302,2026-02-10 10:17:51.763,0.000000,0.000000,0.000000,0,0.094343,0.000264,0.001318,0
RADAR_DADA,2303,2026-02-10 10:17:51.874,0.000000,0.000000,0.000000,0,0.001897,0.000271,0.001356,1
RADAR_DADA,2304,2026-02-10 10:17:51.987,0.000000,0.000000,0.000000,0,0.001710,0.000271,0.001356,1
RADAR_DADA,2305,2026-02-10 10:17:52.114,0.000000,0.000000,0.000000,0,0.001017,0.000274,0.001370,1
RADAR_DADA,2306,2026-02-10 10:17:52.210,0.000000,0.000000,0.000000,0,0.000368,0.000285,0.001424,1
RADAR_DADA,2307,2026-02-10 10:17:52.322,0.000000,0.000000,0.000000,0,0.000534,0.000324,0.001621,1
RADAR_DADA,2308,2026-02-10 10:17:52.434,0.000000,0.000000,0.000000,0,0.001921,0.000368,0.001842,1
RADAR_DADA,2309,2026-02-10 10:17:52.546,0.000000,0.000000,0.000000,0,0.001861,0.000372,0.001858,1
RADAR_DADA,2310,2026-02-10 10:17:52.658,0.000000,0.000000,0.000000,0,0.001221,0.000372,0.001858,1
RADAR_DADA,2311,2026-02-10 10:17:52.785,0.000000,0.000000,0.000000,0,0.000420,0.000395,0.001977,1
RADAR_DADA,2312,2026-02-10 10:17:52.897,0.000000,0.000000,0.000000,0,0.003721,0.000395,0.001977,1
RADAR_DADA,2313,2026-02-10 10:17:53.010,0.000000,0.000000,0.000000,0,0.000863,0.000397,0.001983,1
RADAR_DADA,2314,2026-02-10 10:17:53.152,0.000000,0.000000,0.000000,0,0.000986,0.000420,0.002101,0
RADAR_DADA,2315,2026-02-10 10:17:53.248,0.000000,0.000000,0.000000,0,0.000300,0.000420,0.002101,0
RADAR_DADA,2316,2026-02-10 10:17:53.360,0.000000,0.000000,0.000000,0,0.002075,0.000534,0.002671,1
RADAR_DADA,2317,2026-02-10 10:17:53.488,0.000000,0.000000,0.000000,0,0.003336,0.000610,0.003051,1
RADAR_DADA,2318,2026-02-10 10:17:53.602,0.000000,0.000000,0.000000,0,0.002528,0.000863,0.004317,1
RADAR_DADA,2319,2026-02-10 10:17:53.714,0.000000,0.000000,0.000000,0,0.000467,0.000863,0.004317,1
RADAR_DADA,2320,2026-02-10 10:17:53.845,0.000000,0.000000,0.000000,0,0.000459,0.000863,0.004317,1
RADAR_DADA,2321,2026-02-10 10:17:53.951,0.000000,0.000000,0.000000,0,0.000394,0.000863,0.004317,1
RADAR_DADA,2322,2026-02-10 10:17:54.063,0.000000,0.000000,0.000000,0,0.005560,0.000986,0.004930,1
RADAR_DADA,2323,2026-02-10 10:17:54.188,0.000000,0.000000,0.000000,0,0.000930,0.000986,0.004930,0
RADAR_DADA,2324,2026-02-10 10:17:54.286,0.000000,0.000000,0.000000,0,0.002524,0.001017,0.005084,1
RADAR_DADA,2325,2026-02-10 10:17:54.414,0.000000,0.000000,0.000000,0,0.008761,0.001221,0.006106,1
RADAR_DADA,2326,2026-02-10 10:17:54.529,0.000000,0.000000,0.000000,0,0.010517,0.001710,0.008549,1
RADAR_DADA,2327,2026-02-10 10:17:54.637,0.000000,0.000000,0.000000,0,0.008970,0.001710,0.008549,1
RADAR_DADA,2328,2026-02-10 10:17:54.749,0.000000,0.000000,0.000000,0,0.001832,0.001710,0.008549,1
RADAR_DADA,2329,2026-02-10 10:17:54.847,0.000000,0.000000,0.000000,0,0.006206,0.001832,0.009158,1
RADAR_DADA,2330,2026-02-10 10:17:54.977,0.000000,0.000000,0.000000,0,0.047349,0.001861,0.009304,1
RADAR_DADA,2331,2026-02-10 10:17:55.101,0.000000,0.000000,0.000000,0,0.013237,0.001921,0.009605,1
RADAR_DADA,2332,2026-02-10 10:17:55.198,0.000000,0.000000,0.000000,0,0.006410,0.002075,0.010373,1
RADAR_DADA,2333,2026-02-10 10:17:55.331,0.000000,0.000000,0.000000,0,0.003300,0.002524,0.012621,1
RADAR_DADA,2334,2026-02-10 10:17:55.466,0.000000,0.000000,0.000000,0,0.002901,0.002528,0.012640,1
RADAR_DADA,2335,2026-02-10 10:17:55.565,0.000000,0.000000,0.000000,0,0.007337,0.002901,0.014504,1
RADAR_DADA,2336,2026-02-10 10:17:55.683,0.000000,0.000000,0.000000,0,0.014067,0.003300,0.016500,1
RADAR_DADA,2337,2026-02-10 10:17:55.804,0.000000,0.000000,0.000000,0,0.012626,0.003300,0.016500,1
RADAR_DADA,2338,2026-02-10 10:17:55.915,0.000000,0.000000,0.000000,0,0.001812,0.003300,0.016500,1
RADAR_DADA,2339,2026-02-10 10:17:56.046,0.000000,0.000000,0.000000,0,0.051399,0.003336,0.016679,1
RADAR_DADA,2340,2026-02-10 10:17:56.144,0.000000,0.000000,0.000000,0,0.005723,0.005560,0.027800,1
RADAR_DADA,2341,2026-02-10 10:17:56.268,0.000000,0.000000,0.000000,0,0.009964,0.005723,0.028613,1
RADAR_DADA,2342,2026-02-10 10:17:56.362,0.000000,0.000000,0.000000,0,0.003355,0.005723,0.028613,1
RADAR_DADA,2343,2026-02-10 10:17:56.490,0.000000,0.000000,0.000000,0,0.002578,0.005723,0.028613,1
RADAR_DADA,2344,2026-02-10 10:17:56.605,0.000000,0.000000,0.000000,0,0.001411,0.005723,0.028613,1
RADAR_DADA,2345,2026-02-10 10:17:56.714,0.000000,0.000000,0.000000,0,0.076048,0.006206,0.031030,1
RADAR_DADA,2346,2026-02-10 10:17:56.842,0.000000,0.000000,0.000000,0,0.001563,0.006206,0.031030,1
RADAR_DADA,2347,2026-02-10 10:17:56.970,0.000000,0.000000,0.000000,0,0.001717,0.006206,0.031030,1
RADAR_DADA,2348,2026-02-10 10:17:57.091,0.000000,0.000000,0.000000,0,0.000294,0.006206,0.031030,1
RADAR_DADA,2349,2026-02-10 10:17:57.209,0.000000,0.000000,0.000000,0,0.000640,0.006206,0.031030,1
RADAR_DADA,2350,2026-02-10 10:17:57.337,0.000000,0.000000,0.000000,0,0.000377,0.005723,0.028613,1
RADAR_DADA,2351,2026-02-10 10:17:57.448,0.000000,0.000000,0.000000,0,0.000146,0.003355,0.016777,0
RADAR_DADA,2352,2026-02-10 10:17:57.576,0.000000,0.000000,0.000000,0,0.000270,0.003300,0.016500,0
RADAR_DADA,2353,2026-02-10 10:17:57.671,0.000000,0.000000,0.000000,0,0.000312,0.003300,0.016500,0
RADAR_DADA,2354,2026-02-10 10:17:57.806,0.000000,0.000000,0.000000,0,0.000291,0.002901,0.014504,0
RADAR_DADA,2355,2026-02-10 10:17:57.928,0.000000,0.000000,0.000000,0,0.000527,0.002578,0.012891,0
RADAR_DADA,2356,2026-02-10 10:17:58.049,0.000000,0.000000,0.000000,0,0.000994,0.001812,0.009058,0
RADAR_DADA,2357,2026-02-10 10:17:58.172,0.000000,0.000000,0.000000,0,0.000388,0.001717,0.008587,0
RADAR_DADA,2358,2026-02-10 10:17:58.279,0.000000,0.000000,0.000000,0,0.001243,0.001563,0.007814,0
RADAR_DADA,2359,2026-02-10 10:17:58.410,0.000000,0.000000,0.000000,0,0.001698,0.001563,0.007814,0
RADAR_DADA,2360,2026-02-10 10:17:58.518,0.000000,0.000000,0.000000,0,0.001132,0.001411,0.007055,0
RADAR_DADA,2361,2026-02-10 10:17:58.643,0.000000,0.000000,0.000000,0,0.000389,0.001243,0.006216,0
RADAR_DADA,2362,2026-02-10 10:17:58.772,0.000000,0.000000,0.000000,0,0.000891,0.001132,0.005661,0
RADAR_DADA,2363,2026-02-10 10:17:58.884,0.000000,0.000000,0.000000,0,0.000947,0.000994,0.004971,0
RADAR_DADA,2364,2026-02-10 10:17:58.996,0.000000,0.000000,0.000000,0,0.006948,0.000994,0.004971,0
RADAR_DADA,2365,2026-02-10 10:17:59.124,0.000000,0.000000,0.000000,0,0.005492,0.000994,0.004971,1
RADAR_DADA,2366,2026-02-10 10:17:59.235,0.000000,0.000000,0.000000,0,0.006231,0.000994,0.004971,1
RADAR_DADA,2367,2026-02-10 10:17:59.346,0.000000,0.000000,0.000000,0,0.005339,0.000994,0.004971,1
RADAR_DADA,2368,2026-02-10 10:17:59.462,0.000000,0.000000,0.000000,0,0.002499,0.000994,0.004971,1
RADAR_DADA,2369,2026-02-10 10:17:59.576,0.000000,0.000000,0.000000,0,0.001571,0.000994,0.004971,1
RADAR_DADA,2370,2026-02-10 10:17:59.681,0.000000,0.000000,0.000000,0,0.004448,0.000994,0.004971,1
RADAR_DADA,2371,2026-02-10 10:17:59.793,0.000000,0.000000,0.000000,0,0.003411,0.000994,0.004971,1
RADAR_DADA,2372,2026-02-10 10:17:59.924,0.000000,0.000000,0.000000,0,0.000951,0.000951,0.004754,1
RADAR_DADA,2373,2026-02-10 10:18:00.061,0.000000,0.000000,0.000000,0,0.002304,0.000994,0.004971,1
RADAR_DADA,2374,2026-02-10 10:18:00.183,0.000000,0.000000,0.000000,0,0.001318,0.001132,0.005661,1
RADAR_DADA,2375,2026-02-10 10:18:00.304,0.000000,0.000000,0.000000,0,0.002573,0.001243,0.006216,1
RADAR_DADA,2376,2026-02-10 10:18:00.449,0.000000,0.000000,0.000000,0,0.001183,0.001243,0.006216,1
RADAR_DADA,2377,2026-02-10 10:18:00.575,0.000000,0.000000,0.000000,0,0.000724,0.001243,0.006216,1
RADAR_DADA,2378,2026-02-10 10:18:00.685,0.000000,0.000000,0.000000,0,0.005553,0.001318,0.006592,1
RADAR_DADA,2379,2026-02-10 10:18:00.799,0.000000,0.000000,0.000000,0,0.005644,0.001571,0.007857,1
RADAR_DADA,2380,2026-02-10 10:18:00.929,0.000000,0.000000,0.000000,0,0.003560,0.001698,0.008489,1
RADAR_DADA,2381,2026-02-10 10:18:01.062,0.000000,0.000000,0.000000,0,0.087264,0.002304,0.011519,1
RADAR_DADA,2382,2026-02-10 10:18:01.185,0.000000,0.000000,0.000000,0,0.001479,0.002304,0.011519,1
RADAR_DADA,2383,2026-02-10 10:18:01.309,0.000000,0.000000,0.000000,0,0.012941,0.002499,0.012496,1
RADAR_DADA,2384,2026-02-10 10:18:01.421,0.000000,0.000000,0.000000,0,0.001222,0.002499,0.012496,1
RADAR_DADA,2385,2026-02-10 10:18:01.532,0.000000,0.000000,0.000000,0,0.000660,0.002499,0.012496,1
RADAR_DADA,2386,2026-02-10 10:18:01.644,0.000000,0.000000,0.000000,0,0.047737,0.002573,0.012864,1
RADAR_DADA,2387,2026-02-10 10:18:01.768,0.000000,0.000000,0.000000,0,0.000188,0.002573,0.012864,1
RADAR_DADA,2388,2026-02-10 10:18:01.884,0.000000,0.000000,0.000000,0,0.000796,0.002573,0.012864,0
RADAR_DADA,2389,2026-02-10 10:18:01.996,0.000000,0.000000,0.000000,0,0.000438,0.002499,0.012496,0
RADAR_DADA,2390,2026-02-10 10:18:02.122,0.000000,0.000000,0.000000,0,0.000250,0.002304,0.011519,0
RADAR_DADA,2391,2026-02-10 10:18:02.218,0.000000,0.000000,0.000000,0,0.000386,0.001571,0.007857,0
RADAR_DADA,2392,2026-02-10 10:18:02.331,0.000000,0.000000,0.000000,0,0.000226,0.001479,0.007393,0
RADAR_DADA,2393,2026-02-10 10:18:02.457,0.000000,0.000000,0.000000,0,0.000761,0.001318,0.006592,0
RADAR_DADA,2394,2026-02-10 10:18:02.571,0.000000,0.000000,0.000000,0,0.000389,0.001222,0.006112,0
RADAR_DADA,2395,2026-02-10 10:18:02.681,0.000000,0.000000,0.000000,0,0.000239,0.001183,0.005915,0
RADAR_DADA,2396,2026-02-10 10:18:02.809,0.000000,0.000000,0.000000,0,0.000094,0.000951,0.004754,0
RADAR_DADA,2397,2026-02-10 10:18:02.925,0.000000,0.000000,0.000000,0,0.000145,0.000796,0.003981,0
RADAR_DADA,2398,2026-02-10 10:18:03.035,0.000000,0.000000,0.000000,0,0.000375,0.000761,0.003807,0
RADAR_DADA,2399,2026-02-10 10:18:03.178,0.000000,0.000000,0.000000,0,0.000369,0.000724,0.003621,0
RADAR_DADA,2400,2026-02-10 10:18:03.303,0.000000,0.000000,0.000000,0,0.000391,0.000660,0.003298,0
RADAR_DADA,2401,2026-02-10 10:18:03.415,0.000000,0.000000,0.000000,0,0.000405,0.000438,0.002192,0
RADAR_DADA,2402,2026-02-10 10:18:03.530,0.000000,0.000000,0.000000,0,0.000240,0.000405,0.002027,0
RADAR_DADA,2403,2026-02-10 10:18:03.638,0.000000,0.000000,0.000000,0,0.000170,0.000391,0.001957,0
RADAR_DADA,2404,2026-02-10 10:18:03.766,0.000000,0.000000,0.000000,0,0.002917,0.000391,0.001957,0
RADAR_DADA,2405,2026-02-10 10:18:03.877,0.000000,0.000000,0.000000,0,0.003885,0.000391,0.001957,1
RADAR_DADA,2406,2026-02-10 10:18:03.989,0.000000,0.000000,0.000000,0,0.006850,0.000391,0.001957,1
RADAR_DADA,2407,2026-02-10 10:18:04.100,0.000000,0.000000,0.000000,0,0.000839,0.000391,0.001957,1
RADAR_DADA,2408,2026-02-10 10:18:04.212,0.000000,0.000000,0.000000,0,0.001360,0.000391,0.001957,1
RADAR_DADA,2409,2026-02-10 10:18:04.326,0.000000,0.000000,0.000000,0,0.008204,0.000391,0.001957,1
RADAR_DADA,2410,2026-02-10 10:18:04.437,0.000000,0.000000,0.000000,0,0.010564,0.000391,0.001957,1
RADAR_DADA,2411,2026-02-10 10:18:04.549,0.000000,0.000000,0.000000,0,0.010185,0.000391,0.001957,1
RADAR_DADA,2412,2026-02-10 10:18:04.661,0.000000,0.000000,0.000000,0,0.007728,0.000405,0.002027,1
RADAR_DADA,2413,2026-02-10 10:18:04.770,0.000000,0.000000,0.000000,0,0.007805,0.000405,0.002027,1
RADAR_DADA,2414,2026-02-10 10:18:04.899,0.000000,0.000000,0.000000,0,0.003325,0.000405,0.002027,1
RADAR_DADA,2415,2026-02-10 10:18:05.014,0.000000,0.000000,0.000000,0,0.001144,0.000761,0.003807,1
RADAR_DADA,2416,2026-02-10 10:18:05.122,0.000000,0.000000,0.000000,0,0.002040,0.000839,0.004193,1
RADAR_DADA,2417,2026-02-10 10:18:05.233,0.000000,0.000000,0.000000,0,0.003023,0.001144,0.005718,1
RADAR_DADA,2418,2026-02-10 10:18:05.361,0.000000,0.000000,0.000000,0,0.002398,0.001360,0.006800,1
RADAR_DADA,2419,2026-02-10 10:18:05.484,0.000000,0.000000,0.000000,0,0.000399,0.001360,0.006800,1
RADAR_DADA,2420,2026-02-10 10:18:05.589,0.000000,0.000000,0.000000,0,0.000472,0.001360,0.006800,1
RADAR_DADA,2421,2026-02-10 10:18:05.713,0.000000,0.000000,0.000000,0,0.000105,0.001360,0.006800,1
RADAR_DADA,2422,2026-02-10 10:18:05.824,0.000000,0.000000,0.000000,0,0.010584,0.002040,0.010202,1
RADAR_DADA,2423,2026-02-10 10:18:05.938,0.000000,0.000000,0.000000,0,0.003735,0.002398,0.011988,1
RADAR_DADA,2424,2026-02-10 10:18:06.032,0.000000,0.000000,0.000000,0,0.006691,0.002917,0.014587,1
RADAR_DADA,2425,2026-02-10 10:18:06.145,0.000000,0.000000,0.000000,0,0.000814,0.002917,0.014587,1
RADAR_DADA,2426,2026-02-10 10:18:06.255,0.000000,0.000000,0.000000,0,0.009112,0.003023,0.015113,1
RADAR_DADA,2427,2026-02-10 10:18:06.369,0.000000,0.000000,0.000000,0,0.002929,0.003023,0.015113,1
RADAR_DADA,2428,2026-02-10 10:18:06.483,0.000000,0.000000,0.000000,0,0.000726,0.003023,0.015113,1
RADAR_DADA,2429,2026-02-10 10:18:06.596,0.000000,0.000000,0.000000,0,0.001230,0.003023,0.015113,1
RADAR_DADA,2430,2026-02-10 10:18:06.717,0.000000,0.000000,0.000000,0,0.010891,0.003023,0.015113,1
RADAR_DADA,2431,2026-02-10 10:18:06.828,0.000000,0.000000,0.000000,0,0.014661,0.003023,0.015113,1
RADAR_DADA,2432,2026-02-10 10:18:06.958,0.000000,0.000000,0.000000,0,0.003156,0.003156,0.015780,1
RADAR_DADA,2433,2026-02-10 10:18:07.091,0.000000,0.000000,0.000000,0,0.002071,0.003156,0.015780,1
RADAR_DADA,2434,2026-02-10 10:18:07.195,0.000000,0.000000,0.000000,0,0.010798,0.003156,0.015780,1
RADAR_DADA,2435,2026-02-10 10:18:07.308,0.000000,0.000000,0.000000,0,0.006394,0.003156,0.015780,1
RADAR_DADA,2436,2026-02-10 10:18:07.485,0.000000,0.000000,0.000000,0,0.012099,0.003156,0.015780,1
RADAR_DADA,2437,2026-02-10 10:18:07.596,0.000000,0.000000,0.000000,0,0.003133,0.003133,0.015666,1
RADAR_DADA,2438,2026-02-10 10:18:07.707,0.000000,0.000000,0.000000,0,0.001623,0.003023,0.015113,1
RADAR_DADA,2439,2026-02-10 10:18:07.807,0.000000,0.000000,0.000000,0,0.000937,0.002929,0.014644,1
RADAR_DADA,2440,2026-02-10 10:18:07.962,0.000000,0.000000,0.000000,0,0.004555,0.003023,0.015113,1
RADAR_DADA,2441,2026-02-10 10:18:08.075,0.000000,0.000000,0.000000,0,0.000635,0.003023,0.015113,1
RADAR_DADA,2442,2026-02-10 10:18:08.201,0.000000,0.000000,0.000000,0,0.000452,0.002929,0.014644,1
RADAR_DADA,2443,2026-02-10 10:18:08.313,0.000000,0.000000,0.000000,0,0.007323,0.003133,0.015666,1
RADAR_DADA,2444,2026-02-10 10:18:08.458,0.000000,0.000000,0.000000,0,0.011694,0.003156,0.015780,1
RADAR_DADA,2445,2026-02-10 10:18:08.569,0.000000,0.000000,0.000000,0,0.016304,0.003735,0.018674,1
RADAR_DADA,2446,2026-02-10 10:18:08.696,0.000000,0.000000,0.000000,0,0.006526,0.004555,0.022777,1
RADAR_DADA,2447,2026-02-10 10:18:08.808,0.000000,0.000000,0.000000,0,0.001973,0.003735,0.018674,1
RADAR_DADA,2448,2026-02-10 10:18:08.919,0.000000,0.000000,0.000000,0,0.016629,0.004555,0.022777,1
RADAR_DADA,2449,2026-02-10 10:18:09.030,0.000000,0.000000,0.000000,0,0.001470,0.003156,0.015780,1
RADAR_DADA,2450,2026-02-10 10:18:09.145,0.000000,0.000000,0.000000,0,0.023949,0.004555,0.022777,1
RADAR_DADA,2451,2026-02-10 10:18:09.253,0.000000,0.000000,0.000000,0,0.006476,0.004555,0.022777,1
RADAR_DADA,2452,2026-02-10 10:18:09.365,0.000000,0.000000,0.000000,0,0.012489,0.006394,0.031972,1
RADAR_DADA,2453,2026-02-10 10:18:09.478,0.000000,0.000000,0.000000,0,0.310724,0.006476,0.032378,1
RADAR_DADA,2454,2026-02-10 10:18:09.597,0.000000,0.000000,0.000000,0,0.018581,0.006526,0.032630,1
RADAR_DADA,2455,2026-02-10 10:18:09.717,0.000000,0.000000,0.000000,0,0.085022,0.006526,0.032630,1
RADAR_DADA,2456,2026-02-10 10:18:09.830,0.000000,0.000000,0.000000,0,0.168009,0.006526,0.032630,1
RADAR_DADA,2457,2026-02-10 10:18:09.940,0.000000,0.000000,0.000000,0,0.002927,0.006526,0.032630,1
RADAR_DADA,2458,2026-02-10 10:18:10.068,0.000000,0.000000,0.000000,0,0.047248,0.007323,0.036615,1
RADAR_DADA,2459,2026-02-10 10:18:10.193,0.000000,0.000000,0.000000,0,0.004283,0.006526,0.032630,1
RADAR_DADA,2460,2026-02-10 10:18:10.292,0.000000,0.000000,0.000000,0,0.020740,0.007323,0.036615,1
RADAR_DADA,2461,2026-02-10 10:18:10.404,0.000000,0.000000,0.000000,0,0.014652,0.007323,0.036615,1
RADAR_DADA,2462,2026-02-10 10:18:10.515,0.000000,0.000000,0.000000,0,0.006399,0.007323,0.036615,1
RADAR_DADA,2463,2026-02-10 10:18:10.642,0.000000,0.000000,0.000000,0,0.001446,0.007323,0.036615,1
RADAR_DADA,2464,2026-02-10 10:18:10.770,0.000000,0.000000,0.000000,0,0.006602,0.007323,0.036615,1
RADAR_DADA,2465,2026-02-10 10:18:10.867,0.000000,0.000000,0.000000,0,0.004330,0.007323,0.036615,1
RADAR_DADA,2466,2026-02-10 10:18:10.981,0.000000,0.000000,0.000000,0,0.007159,0.007323,0.036615,1
RADAR_DADA,2467,2026-02-10 10:18:11.127,0.000000,0.000000,0.000000,0,0.001697,0.007323,0.036615,1
RADAR_DADA,2468,2026-02-10 10:18:11.247,0.000000,0.000000,0.000000,0,0.001841,0.007159,0.035793,1
RADAR_DADA,2469,2026-02-10 10:18:11.397,0.000000,0.000000,0.000000,0,0.005630,0.006602,0.033012,1
RADAR_DADA,2470,2026-02-10 10:18:11.490,0.000000,0.000000,0.000000,0,0.019670,0.006602,0.033012,1
RADAR_DADA,2471,2026-02-10 10:18:11.601,0.000000,0.000000,0.000000,0,0.002946,0.006602,0.033012,1
RADAR_DADA,2472,2026-02-10 10:18:11.698,0.000000,0.000000,0.000000,0,0.001341,0.006602,0.033012,1
RADAR_DADA,2473,2026-02-10 10:18:11.819,0.000000,0.000000,0.000000,0,0.009839,0.006602,0.033012,1
RADAR_DADA,2474,2026-02-10 10:18:11.920,0.000000,0.000000,0.000000,0,0.001182,0.006602,0.033012,1
RADAR_DADA,2475,2026-02-10 10:18:12.032,0.000000,0.000000,0.000000,0,0.002431,0.006476,0.032378,1
RADAR_DADA,2476,2026-02-10 10:18:12.144,0.000000,0.000000,0.000000,0,0.000226,0.006399,0.031993,1
RADAR_DADA,2477,2026-02-10 10:18:12.256,0.000000,0.000000,0.000000,0,0.000662,0.005630,0.028152,1
RADAR_DADA,2478,2026-02-10 10:18:12.369,0.000000,0.000000,0.000000,0,0.002697,0.004330,0.021650,1
RADAR_DADA,2479,2026-02-10 10:18:12.500,0.000000,0.000000,0.000000,0,0.000500,0.004283,0.021413,1
RADAR_DADA,2480,2026-02-10 10:18:12.622,0.000000,0.000000,0.000000,0,0.001260,0.002946,0.014730,0
RADAR_DADA,2481,2026-02-10 10:18:12.734,0.000000,0.000000,0.000000,0,0.001497,0.002927,0.014634,0
RADAR_DADA,2482,2026-02-10 10:18:12.846,0.000000,0.000000,0.000000,0,0.001332,0.002697,0.013486,0
RADAR_DADA,2483,2026-02-10 10:18:12.975,0.000000,0.000000,0.000000,0,0.000245,0.002431,0.012156,0
RADAR_DADA,2484,2026-02-10 10:18:13.119,0.000000,0.000000,0.000000,0,0.000157,0.001841,0.009204,0
RADAR_DADA,2485,2026-02-10 10:18:13.230,0.000000,0.000000,0.000000,0,0.000426,0.001697,0.008486,0
RADAR_DADA,2486,2026-02-10 10:18:13.358,0.000000,0.000000,0.000000,0,0.000172,0.001497,0.007484,0
RADAR_DADA,2487,2026-02-10 10:18:13.493,0.000000,0.000000,0.000000,0,0.000118,0.001446,0.007231,0
RADAR_DADA,2488,2026-02-10 10:18:13.602,0.000000,0.000000,0.000000,0,0.000607,0.001341,0.006703,0
RADAR_DADA,2489,2026-02-10 10:18:13.724,0.000000,0.000000,0.000000,0,0.000172,0.001332,0.006659,0
RADAR_DADA,2490,2026-02-10 10:18:13.840,0.000000,0.000000,0.000000,0,0.000412,0.001260,0.006302,0
RADAR_DADA,2491,2026-02-10 10:18:13.976,0.000000,0.000000,0.000000,0,0.000653,0.001182,0.005911,0
RADAR_DADA,2492,2026-02-10 10:18:14.094,0.000000,0.000000,0.000000,0,0.000263,0.000662,0.003309,0
RADAR_DADA,2493,2026-02-10 10:18:14.203,0.000000,0.000000,0.000000,0,0.000303,0.000653,0.003264,0
RADAR_DADA,2494,2026-02-10 10:18:14.314,0.000000,0.000000,0.000000,0,0.000726,0.000653,0.003264,0
RADAR_DADA,2495,2026-02-10 10:18:14.458,0.000000,0.000000,0.000000,0,0.001733,0.000653,0.003264,0
RADAR_DADA,2496,2026-02-10 10:18:14.553,0.000000,0.000000,0.000000,0,0.001412,0.000653,0.003264,0
RADAR_DADA,2497,2026-02-10 10:18:14.687,0.000000,0.000000,0.000000,0,0.001020,0.000653,0.003264,0
RADAR_DADA,2498,2026-02-10 10:18:14.813,0.000000,0.000000,0.000000,0,0.000509,0.000607,0.003034,0
RADAR_DADA,2499,2026-02-10 10:18:14.924,0.000000,0.000000,0.000000,0,0.000823,0.000607,0.003034,0
RADAR_DADA,2500,2026-02-10 10:18:15.064,0.000000,0.000000,0.000000,0,0.000449,0.000509,0.002546,0
RADAR_DADA,2501,2026-02-10 10:18:15.208,0.000000,0.000000,0.000000,0,0.001246,0.000607,0.003034,0
RADAR_DADA,2502,2026-02-10 10:18:15.320,0.000000,0.000000,0.000000,0,0.000683,0.000607,0.003034,0
RADAR_DADA,2503,2026-02-10 10:18:15.432,0.000000,0.000000,0.000000,0,0.000493,0.000509,0.002546,0
RADAR_DADA,2504,2026-02-10 10:18:15.544,0.000000,0.000000,0.000000,0,0.000258,0.000509,0.002546,0
RADAR_DADA,2505,2026-02-10 10:18:15.676,0.000000,0.000000,0.000000,0,0.001829,0.000509,0.002546,0
RADAR_DADA,2506,2026-02-10 10:18:15.831,0.000000,0.000000,0.000000,0,0.001318,0.000509,0.002546,0
RADAR_DADA,2507,2026-02-10 10:18:16.013,0.000000,0.000000,0.000000,0,0.001080,0.000509,0.002546,0
RADAR_DADA,2508,2026-02-10 10:18:16.264,0.000000,0.000000,0.000000,0,0.006830,0.000607,0.003034,1
RADAR_DADA,2509,2026-02-10 10:18:16.386,0.000000,0.000000,0.000000,0,0.000659,0.000653,0.003264,1
RADAR_DADA,2510,2026-02-10 10:18:16.495,0.000000,0.000000,0.000000,0,0.001474,0.000659,0.003293,0
RADAR_DADA,2511,2026-02-10 10:18:16.606,0.000000,0.000000,0.000000,0,0.001198,0.000683,0.003417,0
RADAR_DADA,2512,2026-02-10 10:18:16.726,0.000000,0.000000,0.000000,0,0.002390,0.000726,0.003631,1
RADAR_DADA,2513,2026-02-10 10:18:16.839,0.000000,0.000000,0.000000,0,0.000251,0.000726,0.003631,0
RADAR_DADA,2514,2026-02-10 10:18:16.969,0.000000,0.000000,0.000000,0,0.000745,0.000745,0.003726,0
RADAR_DADA,2515,2026-02-10 10:18:17.190,0.000000,0.000000,0.000000,0,0.000162,0.000745,0.003726,0
RADAR_DADA,2516,2026-02-10 10:18:21.437,0.000000,0.000000,0.000000,0,0.002548,0.000823,0.004117,1
RADAR_DADA,2517,2026-02-10 10:18:21.565,0.000000,0.000000,0.000000,0,0.000211,0.000823,0.004117,0
RADAR_DADA,2518,2026-02-10 10:18:21.676,0.000000,0.000000,0.000000,0,0.000237,0.000823,0.004117,0
RADAR_DADA,2519,2026-02-10 10:18:21.804,0.000000,0.000000,0.000000,0,0.000163,0.000823,0.004117,0
RADAR_DADA,2520,2026-02-10 10:18:21.962,0.000000,0.000000,0.000000,0,0.000148,0.000745,0.003726,0
RADAR_DADA,2521,2026-02-10 10:18:22.090,0.000000,0.000000,0.000000,0,0.000110,0.000683,0.003417,0
RADAR_DADA,2522,2026-02-10 10:18:22.224,0.000000,0.000000,0.000000,0,0.000091,0.000659,0.003293,0
RADAR_DADA,2523,2026-02-10 10:18:22.344,0.000000,0.000000,0.000000,0,0.000112,0.000659,0.003293,0
RADAR_DADA,2524,2026-02-10 10:18:22.473,0.000000,0.000000,0.000000,0,0.000203,0.000493,0.002467,0
RADAR_DADA,2525,2026-02-10 10:18:22.600,0.000000,0.000000,0.000000,0,0.000086,0.000493,0.002467,0
RADAR_DADA,2526,2026-02-10 10:18:22.743,0.000000,0.000000,0.000000,0,0.000151,0.000258,0.001292,0
RADAR_DADA,2527,2026-02-10 10:18:22.887,0.000000,0.000000,0.000000,0,0.000067,0.000251,0.001254,0
RADAR_DADA,2528,2026-02-10 10:18:22.983,0.000000,0.000000,0.000000,0,0.000229,0.000237,0.001186,0
RADAR_DADA,2529,2026-02-10 10:18:23.095,0.000000,0.000000,0.000000,0,0.000485,0.000237,0.001186,0
RADAR_DADA,2530,2026-02-10 10:18:23.228,0.000000,0.000000,0.000000,0,0.000256,0.000237,0.001186,0
RADAR_DADA,2531,2026-02-10 10:18:23.353,0.000000,0.000000,0.000000,0,0.000074,0.000229,0.001147,0
RADAR_DADA,2532,2026-02-10 10:18:23.494,0.000000,0.000000,0.000000,0,0.000068,0.000211,0.001055,0
RADAR_DADA,2533,2026-02-10 10:18:23.630,0.000000,0.000000,0.000000,0,0.000070,0.000203,0.001014,0
RADAR_DADA,2534,2026-02-10 10:18:23.750,0.000000,0.000000,0.000000,0,0.000037,0.000163,0.000814,0
RADAR_DADA,2535,2026-02-10 10:18:23.880,0.000000,0.000000,0.000000,0,0.000058,0.000162,0.000809,0
RADAR_DADA,2536,2026-02-10 10:18:24.038,0.000000,0.000000,0.000000,0,0.000063,0.000151,0.000756,0
RADAR_DADA,2537,2026-02-10 10:18:24.170,0.000000,0.000000,0.000000,0,0.000048,0.000148,0.000741,0
RADAR_DADA,2538,2026-02-10 10:18:24.325,0.000000,0.000000,0.000000,0,0.000058,0.000112,0.000561,0
RADAR_DADA,2539,2026-02-10 10:18:24.436,0.000000,0.000000,0.000000,0,0.000091,0.000110,0.000551,0
RADAR_DADA,2540,2026-02-10 10:18:24.548,0.000000,0.000000,0.000000,0,0.000157,0.000110,0.000551,0
RADAR_DADA,2541,2026-02-10 10:18:24.676,0.000000,0.000000,0.000000,0,0.000169,0.000110,0.000551,0
RADAR_DADA,2542,2026-02-10 10:18:24.852,0.000000,0.000000,0.000000,0,0.000101,0.000101,0.000506,0
RADAR_DADA,2543,2026-02-10 10:18:25.027,0.000000,0.000000,0.000000,0,0.000087,0.000091,0.000457,0
RADAR_DADA,2544,2026-02-10 10:18:25.156,0.000000,0.000000,0.000000,0,0.000084,0.000091,0.000454,0
RADAR_DADA,2545,2026-02-10 10:18:25.307,0.000000,0.000000,0.000000,0,0.000099,0.000091,0.000454,0
RADAR_DADA,2546,2026-02-10 10:18:25.435,0.000000,0.000000,0.000000,0,0.000075,0.000087,0.000436,0
RADAR_DADA,2547,2026-02-10 10:18:25.557,0.000000,0.000000,0.000000,0,0.000044,0.000086,0.000431,0
RADAR_DADA,2548,2026-02-10 10:18:25.666,0.000000,0.000000,0.000000,0,0.000038,0.000084,0.000419,0
RADAR_DADA,2549,2026-02-10 10:18:25.811,0.000000,0.000000,0.000000,0,0.000050,0.000075,0.000374,0
RADAR_DADA,2550,2026-02-10 10:18:25.937,0.000000,0.000000,0.000000,0,0.000079,0.000075,0.000374,0
RADAR_DADA,2551,2026-02-10 10:18:26.065,0.000000,0.000000,0.000000,0,0.000032,0.000074,0.000369,0
RADAR_DADA,2552,2026-02-10 10:18:26.192,0.000000,0.000000,0.000000,0,0.000059,0.000074,0.000369,0
RADAR_DADA,2553,2026-02-10 10:18:26.304,0.000000,0.000000,0.000000,0,0.000066,0.000070,0.000349,0
RADAR_DADA,2554,2026-02-10 10:18:26.439,0.000000,0.000000,0.000000,0,0.000204,0.000070,0.000349,0
RADAR_DADA,2555,2026-02-10 10:18:26.536,0.000000,0.000000,0.000000,0,0.000050,0.000068,0.000339,0
RADAR_DADA,2556,2026-02-10 10:18:26.658,0.000000,0.000000,0.000000,0,0.000071,0.000068,0.000339,0
RADAR_DADA,2557,2026-02-10 10:18:26.766,0.000000,0.000000,0.000000,0,0.000051,0.000066,0.000331,0
RADAR_DADA,2558,2026-02-10 10:18:26.896,0.000000,0.000000,0.000000,0,0.000062,0.000063,0.000316,0
RADAR_DADA,2559,2026-02-10 10:18:27.041,0.000000,0.000000,0.000000,0,0.000046,0.000063,0.000316,0
RADAR_DADA,2560,2026-02-10 10:18:27.150,0.000000,0.000000,0.000000,0,0.000145,0.000066,0.000331,0
RADAR_DADA,2561,2026-02-10 10:18:27.296,0.000000,0.000000,0.000000,0,0.000202,0.000071,0.000356,0
RADAR_DADA,2562,2026-02-10 10:18:27.408,0.000000,0.000000,0.000000,0,0.000130,0.000075,0.000374,0
RADAR_DADA,2563,2026-02-10 10:18:27.582,0.000000,0.000000,0.000000,0,0.000176,0.000079,0.000397,0
RADAR_DADA,2564,2026-02-10 10:18:27.660,0.000000,0.000000,0.000000,0,0.000081,0.000079,0.000397,0
RADAR_DADA,2565,2026-02-10 10:18:27.770,0.000000,0.000000,0.000000,0,0.000050,0.000075,0.000374,0
RADAR_DADA,2566,2026-02-10 10:18:27.914,0.000000,0.000000,0.000000,0,0.000061,0.000071,0.000356,0
RADAR_DADA,2567,2026-02-10 10:18:28.043,0.000000,0.000000,0.000000,0,0.000077,0.000071,0.000356,0
RADAR_DADA,2568,2026-02-10 10:18:28.153,0.000000,0.000000,0.000000,0,0.000144,0.000071,0.000356,0
RADAR_DADA,2569,2026-02-10 10:18:28.265,0.000000,0.000000,0.000000,0,0.000287,0.000071,0.000356,0
RADAR_DADA,2570,2026-02-10 10:18:28.379,0.000000,0.000000,0.000000,0,0.001450,0.000071,0.000356,0
RADAR_DADA,2571,2026-02-10 10:18:28.553,0.000000,0.000000,0.000000,0,0.001734,0.000071,0.000356,1
RADAR_DADA,2572,2026-02-10 10:18:28.681,0.000000,0.000000,0.000000,0,0.000341,0.000077,0.000387,1
RADAR_DADA,2573,2026-02-10 10:18:28.826,0.000000,0.000000,0.000000,0,0.000975,0.000079,0.000397,1
RADAR_DADA,2574,2026-02-10 10:18:28.946,0.000000,0.000000,0.000000,0,0.000493,0.000081,0.000403,1
RADAR_DADA,2575,2026-02-10 10:18:29.049,0.000000,0.000000,0.000000,0,0.001570,0.000130,0.000648,1
RADAR_DADA,2576,2026-02-10 10:18:29.161,0.000000,0.000000,0.000000,0,0.000595,0.000144,0.000718,1
RADAR_DADA,2577,2026-02-10 10:18:29.288,0.000000,0.000000,0.000000,0,0.000271,0.000145,0.000723,1
RADAR_DADA,2578,2026-02-10 10:18:29.404,0.000000,0.000000,0.000000,0,0.000830,0.000176,0.000882,0
RADAR_DADA,2579,2026-02-10 10:18:29.541,0.000000,0.000000,0.000000,0,0.000967,0.000176,0.000882,1
RADAR_DADA,2580,2026-02-10 10:18:29.671,0.000000,0.000000,0.000000,0,0.000652,0.000202,0.001011,0
RADAR_DADA,2581,2026-02-10 10:18:29.783,0.000000,0.000000,0.000000,0,0.000110,0.000202,0.001011,0
RADAR_DADA,2582,2026-02-10 10:18:29.948,0.000000,0.000000,0.000000,0,0.000736,0.000271,0.001355,0
RADAR_DADA,2583,2026-02-10 10:18:30.054,0.000000,0.000000,0.000000,0,0.000423,0.000287,0.001435,0
RADAR_DADA,2584,2026-02-10 10:18:30.186,0.000000,0.000000,0.000000,0,0.001110,0.000341,0.001704,0
RADAR_DADA,2585,2026-02-10 10:18:30.309,0.000000,0.000000,0.000000,0,0.000236,0.000341,0.001704,0
RADAR_DADA,2586,2026-02-10 10:18:30.422,0.000000,0.000000,0.000000,0,0.000443,0.000423,0.002115,0
RADAR_DADA,2587,2026-02-10 10:18:30.661,0.000000,0.000000,0.000000,0,0.001511,0.000443,0.002213,0
RADAR_DADA,2588,2026-02-10 10:18:30.805,0.000000,0.000000,0.000000,0,0.000648,0.000493,0.002466,0
RADAR_DADA,2589,2026-02-10 10:18:30.918,0.000000,0.000000,0.000000,0,0.003626,0.000595,0.002974,1
RADAR_DADA,2590,2026-02-10 10:18:31.093,0.000000,0.000000,0.000000,0,0.000930,0.000648,0.003239,1
RADAR_DADA,2591,2026-02-10 10:18:31.220,0.000000,0.000000,0.000000,0,0.001239,0.000652,0.003262,1
RADAR_DADA,2592,2026-02-10 10:18:31.331,0.000000,0.000000,0.000000,0,0.001196,0.000736,0.003678,0
RADAR_DADA,2593,2026-02-10 10:18:31.475,0.000000,0.000000,0.000000,0,0.000709,0.000736,0.003678,0
RADAR_DADA,2594,2026-02-10 10:18:31.586,0.000000,0.000000,0.000000,0,0.001196,0.000830,0.004148,0
RADAR_DADA,2595,2026-02-10 10:18:31.698,0.000000,0.000000,0.000000,0,0.000579,0.000736,0.003678,0
RADAR_DADA,2596,2026-02-10 10:18:31.836,0.000000,0.000000,0.000000,0,0.000245,0.000709,0.003544,0
RADAR_DADA,2597,2026-02-10 10:18:31.971,0.000000,0.000000,0.000000,0,0.000610,0.000709,0.003544,0
RADAR_DADA,2598,2026-02-10 10:18:32.097,0.000000,0.000000,0.000000,0,0.000098,0.000652,0.003262,0
RADAR_DADA,2599,2026-02-10 10:18:32.225,0.000000,0.000000,0.000000,0,0.000303,0.000652,0.003262,0
RADAR_DADA,2600,2026-02-10 10:18:32.357,0.000000,0.000000,0.000000,0,0.000097,0.000648,0.003239,0
RADAR_DADA,2601,2026-02-10 10:18:32.464,0.000000,0.000000,0.000000,0,0.000317,0.000648,0.003239,0
RADAR_DADA,2602,2026-02-10 10:18:32.610,0.000000,0.000000,0.000000,0,0.000193,0.000648,0.003239,0
RADAR_DADA,2603,2026-02-10 10:18:32.719,0.000000,0.000000,0.000000,0,0.000046,0.000610,0.003048,0
RADAR_DADA,2604,2026-02-10 10:18:32.862,0.000000,0.000000,0.000000,0,0.000148,0.000579,0.002894,0
RADAR_DADA,2605,2026-02-10 10:18:32.974,0.000000,0.000000,0.000000,0,0.000073,0.000443,0.002213,0
RADAR_DADA,2606,2026-02-10 10:18:33.116,0.000000,0.000000,0.000000,0,0.001080,0.000579,0.002894,0
RADAR_DADA,2607,2026-02-10 10:18:33.228,0.000000,0.000000,0.000000,0,0.002354,0.000579,0.002894,0
RADAR_DADA,2608,2026-02-10 10:18:33.341,0.000000,0.000000,0.000000,0,0.003345,0.000610,0.003048,1
RADAR_DADA,2609,2026-02-10 10:18:33.476,0.000000,0.000000,0.000000,0,0.001249,0.000610,0.003048,1
RADAR_DADA,2610,2026-02-10 10:18:33.600,0.000000,0.000000,0.000000,0,0.003909,0.000648,0.003239,1
RADAR_DADA,2611,2026-02-10 10:18:33.739,0.000000,0.000000,0.000000,0,0.004709,0.000709,0.003544,1
RADAR_DADA,2612,2026-02-10 10:18:33.899,0.000000,0.000000,0.000000,0,0.003175,0.000709,0.003544,1
RADAR_DADA,2613,2026-02-10 10:18:34.013,0.000000,0.000000,0.000000,0,0.003379,0.000930,0.004652,1
RADAR_DADA,2614,2026-02-10 10:18:34.159,0.000000,0.000000,0.000000,0,0.009227,0.000930,0.004652,1
RADAR_DADA,2615,2026-02-10 10:18:34.266,0.000000,0.000000,0.000000,0,0.002120,0.001080,0.005399,1
RADAR_DADA,2616,2026-02-10 10:18:34.393,0.000000,0.000000,0.000000,0,0.002250,0.001080,0.005399,1
RADAR_DADA,2617,2026-02-10 10:18:34.489,0.000000,0.000000,0.000000,0,0.002948,0.001080,0.005399,1
RADAR_DADA,2618,2026-02-10 10:18:34.605,0.000000,0.000000,0.000000,0,0.000763,0.001080,0.005399,1
RADAR_DADA,2619,2026-02-10 10:18:34.713,0.000000,0.000000,0.000000,0,0.000883,0.000883,0.004415,1
RADAR_DADA,2620,2026-02-10 10:18:34.840,0.000000,0.000000,0.000000,0,0.001017,0.001017,0.005084,1
RADAR_DADA,2621,2026-02-10 10:18:34.952,0.000000,0.000000,0.000000,0,0.001082,0.001080,0.005399,0
RADAR_DADA,2622,2026-02-10 10:18:35.080,0.000000,0.000000,0.000000,0,0.001161,0.001082,0.005411,0
RADAR_DADA,2623,2026-02-10 10:18:35.192,0.000000,0.000000,0.000000,0,0.001090,0.001090,0.005451,0
RADAR_DADA,2624,2026-02-10 10:18:35.304,0.000000,0.000000,0.000000,0,0.001337,0.001161,0.005804,0
RADAR_DADA,2625,2026-02-10 10:18:35.436,0.000000,0.000000,0.000000,0,0.001086,0.001161,0.005804,0
RADAR_DADA,2626,2026-02-10 10:18:35.838,0.000000,0.000000,0.000000,0,0.000784,0.001161,0.005804,0
RADAR_DADA,2627,2026-02-10 10:18:36.549,0.000000,0.000000,0.000000,0,0.003370,0.001249,0.006245,0
RADAR_DADA,2628,2026-02-10 10:18:36.645,0.000000,0.000000,0.000000,0,0.000082,0.001249,0.006245,0
RADAR_DADA,2629,2026-02-10 10:18:36.766,0.000000,0.000000,0.000000,0,0.000045,0.001249,0.006245,0
RADAR_DADA,2630,2026-02-10 10:18:45.252,0.000000,0.000000,0.000000,0,0.000126,0.001249,0.006245,0
RADAR_DADA,2631,2026-02-10 10:18:46.896,0.000000,0.000000,0.000000,0,0.001424,0.001337,0.006687,0
RADAR_DADA,2632,2026-02-10 10:18:47.056,0.000000,0.000000,0.000000,0,0.000259,0.001249,0.006245,0
RADAR_DADA,2633,2026-02-10 10:18:47.183,0.000000,0.000000,0.000000,0,0.000353,0.001161,0.005804,0
RADAR_DADA,2634,2026-02-10 10:18:47.295,0.000000,0.000000,0.000000,0,0.000662,0.001090,0.005451,0
RADAR_DADA,2635,2026-02-10 10:18:47.423,0.000000,0.000000,0.000000,0,0.000244,0.001086,0.005431,0
RADAR_DADA,2636,2026-02-10 10:18:47.535,0.000000,0.000000,0.000000,0,0.000273,0.001082,0.005411,0
RADAR_DADA,2637,2026-02-10 10:18:47.646,0.000000,0.000000,0.000000,0,0.000276,0.001017,0.005084,0
RADAR_DADA,2638,2026-02-10 10:18:47.774,0.000000,0.000000,0.000000,0,0.000326,0.000883,0.004415,0
RADAR_DADA,2639,2026-02-10 10:18:47.902,0.000000,0.000000,0.000000,0,0.000189,0.000784,0.003918,0
RADAR_DADA,2640,2026-02-10 10:18:48.014,0.000000,0.000000,0.000000,0,0.000180,0.000763,0.003814,0
RADAR_DADA,2641,2026-02-10 10:18:48.174,0.000000,0.000000,0.000000,0,0.000166,0.000662,0.003308,0
RADAR_DADA,2642,2026-02-10 10:18:48.270,0.000000,0.000000,0.000000,0,0.000043,0.000353,0.001764,0
RADAR_DADA,2643,2026-02-10 10:18:48.414,0.000000,0.000000,0.000000,0,0.000089,0.000326,0.001631,0
RADAR_DADA,2644,2026-02-10 10:18:48.542,0.000000,0.000000,0.000000,0,0.000144,0.000276,0.001378,0
RADAR_DADA,2645,2026-02-10 10:18:48.891,0.000000,0.000000,0.000000,0,0.000082,0.000273,0.001366,0
RADAR_DADA,2646,2026-02-10 10:18:49.161,0.000000,0.000000,0.000000,0,0.036815,0.000273,0.001366,0
RADAR_DADA,2647,2026-02-10 10:18:49.277,0.000000,0.000000,0.000000,0,0.000856,0.000273,0.001366,0
RADAR_DADA,2648,2026-02-10 10:18:52.519,0.000000,0.000000,0.000000,0,0.002838,0.000273,0.001366,1
RADAR_DADA,2649,2026-02-10 10:18:52.965,0.000000,0.000000,0.000000,0,0.010693,0.000273,0.001366,1
RADAR_DADA,2650,2026-02-10 10:18:53.077,0.000000,0.000000,0.000000,0,0.000878,0.000273,0.001366,1
RADAR_DADA,2651,2026-02-10 10:18:53.190,0.000000,0.000000,0.000000,0,0.000408,0.000273,0.001366,1
RADAR_DADA,2652,2026-02-10 10:18:53.310,0.000000,0.000000,0.000000,0,0.000302,0.000273,0.001366,1
RADAR_DADA,2653,2026-02-10 10:18:53.433,0.000000,0.000000,0.000000,0,0.000251,0.000273,0.001366,0
RADAR_DADA,2654,2026-02-10 10:18:53.542,0.000000,0.000000,0.000000,0,0.000176,0.000273,0.001366,0
RADAR_DADA,2655,2026-02-10 10:18:53.653,0.000000,0.000000,0.000000,0,0.000102,0.000273,0.001366,0
RADAR_DADA,2656,2026-02-10 10:18:53.768,0.000000,0.000000,0.000000,0,0.000080,0.000259,0.001293,0
RADAR_DADA,2657,2026-02-10 10:18:53.895,0.000000,0.000000,0.000000,0,0.000123,0.000251,0.001254,0
RADAR_DADA,2658,2026-02-10 10:18:54.020,0.000000,0.000000,0.000000,0,0.001402,0.000251,0.001254,0
RADAR_DADA,2659,2026-02-10 10:18:54.131,0.000000,0.000000,0.000000,0,0.000990,0.000251,0.001254,0
RADAR_DADA,2660,2026-02-10 10:18:54.247,0.000000,0.000000,0.000000,0,0.000118,0.000251,0.001254,0
RADAR_DADA,2661,2026-02-10 10:18:54.357,0.000000,0.000000,0.000000,0,0.000054,0.000189,0.000945,1
RADAR_DADA,2662,2026-02-10 10:18:54.465,0.000000,0.000000,0.000000,0,0.000218,0.000189,0.000945,1
RADAR_DADA,2663,2026-02-10 10:18:54.578,0.000000,0.000000,0.000000,0,0.000067,0.000180,0.000899,0
RADAR_DADA,2664,2026-02-10 10:18:54.709,0.000000,0.000000,0.000000,0,0.000194,0.000180,0.000899,0
RADAR_DADA,2665,2026-02-10 10:18:54.817,0.000000,0.000000,0.000000,0,0.000184,0.000184,0.000919,0
RADAR_DADA,2666,2026-02-10 10:18:54.960,0.000000,0.000000,0.000000,0,0.000195,0.000194,0.000969,0
RADAR_DADA,2667,2026-02-10 10:18:55.089,0.000000,0.000000,0.000000,0,0.000074,0.000194,0.000969,0
RADAR_DADA,2668,2026-02-10 10:18:55.213,0.000000,0.000000,0.000000,0,0.000095,0.000194,0.000969,0
RADAR_DADA,2669,2026-02-10 10:18:55.346,0.000000,0.000000,0.000000,0,0.000176,0.000194,0.000969,0
RADAR_DADA,2670,2026-02-10 10:18:55.455,0.000000,0.000000,0.000000,0,0.000136,0.000194,0.000969,0
RADAR_DADA,2671,2026-02-10 10:18:55.568,0.000000,0.000000,0.000000,0,0.000099,0.000184,0.000919,0
RADAR_DADA,2672,2026-02-10 10:18:55.696,0.000000,0.000000,0.000000,0,0.000077,0.000176,0.000882,0
RADAR_DADA,2673,2026-02-10 10:18:55.814,0.000000,0.000000,0.000000,0,0.000136,0.000176,0.000881,0
RADAR_DADA,2674,2026-02-10 10:18:55.952,0.000000,0.000000,0.000000,0,0.000180,0.000176,0.000881,0
RADAR_DADA,2675,2026-02-10 10:18:56.050,0.000000,0.000000,0.000000,0,0.000084,0.000136,0.000681,0
RADAR_DADA,2676,2026-02-10 10:18:56.175,0.000000,0.000000,0.000000,0,0.000137,0.000136,0.000681,0
RADAR_DADA,2677,2026-02-10 10:18:56.315,0.000000,0.000000,0.000000,0,0.000046,0.000136,0.000678,0
RADAR_DADA,2678,2026-02-10 10:18:56.435,0.000000,0.000000,0.000000,0,0.000142,0.000136,0.000678,0
RADAR_DADA,2679,2026-02-10 10:18:56.546,0.000000,0.000000,0.000000,0,0.000093,0.000123,0.000614,0
RADAR_DADA,2680,2026-02-10 10:18:56.688,0.000000,0.000000,0.000000,0,0.000068,0.000123,0.000614,0
RADAR_DADA,2681,2026-02-10 10:18:56.787,0.000000,0.000000,0.000000,0,0.000072,0.000123,0.000614,0
RADAR_DADA,2682,2026-02-10 10:18:56.933,0.000000,0.000000,0.000000,0,0.000144,0.000136,0.000678,0
RADAR_DADA,2683,2026-02-10 10:18:57.055,0.000000,0.000000,0.000000,0,0.000068,0.000118,0.000590,0
RADAR_DADA,2684,2026-02-10 10:18:57.326,0.000000,0.000000,0.000000,0,0.000150,0.000118,0.000590,0
RADAR_DADA,2685,2026-02-10 10:18:57.440,0.000000,0.000000,0.000000,0,0.000067,0.000099,0.000494,0
RADAR_DADA,2686,2026-02-10 10:18:57.582,0.000000,0.000000,0.000000,0,0.000221,0.000136,0.000678,0
RADAR_DADA,2687,2026-02-10 10:18:57.677,0.000000,0.000000,0.000000,0,0.000059,0.000099,0.000494,0
RADAR_DADA,2688,2026-02-10 10:18:57.799,0.000000,0.000000,0.000000,0,0.000081,0.000099,0.000494,0
RADAR_DADA,2689,2026-02-10 10:18:57.900,0.000000,0.000000,0.000000,0,0.000079,0.000095,0.000475,0
RADAR_DADA,2690,2026-02-10 10:18:58.035,0.000000,0.000000,0.000000,0,0.000103,0.000095,0.000475,0
RADAR_DADA,2691,2026-02-10 10:18:58.164,0.000000,0.000000,0.000000,0,0.000025,0.000093,0.000466,0
RADAR_DADA,2692,2026-02-10 10:18:58.282,0.000000,0.000000,0.000000,0,0.000046,0.000093,0.000466,0
RADAR_DADA,2693,2026-02-10 10:18:58.394,0.000000,0.000000,0.000000,0,0.000067,0.000084,0.000418,0
RADAR_DADA,2694,2026-02-10 10:18:58.505,0.000000,0.000000,0.000000,0,0.000125,0.000084,0.000418,0
RADAR_DADA,2695,2026-02-10 10:18:58.631,0.000000,0.000000,0.000000,0,0.000054,0.000081,0.000404,0
RADAR_DADA,2696,2026-02-10 10:18:58.743,0.000000,0.000000,0.000000,0,0.000071,0.000079,0.000394,0
RADAR_DADA,2697,2026-02-10 10:18:58.855,0.000000,0.000000,0.000000,0,0.000058,0.000079,0.000394,0
RADAR_DADA,2698,2026-02-10 10:18:58.969,0.000000,0.000000,0.000000,0,0.000121,0.000079,0.000394,0
RADAR_DADA,2699,2026-02-10 10:18:59.094,0.000000,0.000000,0.000000,0,0.000056,0.000072,0.000359,0
RADAR_DADA,2700,2026-02-10 10:18:59.206,0.000000,0.000000,0.000000,0,0.000073,0.000072,0.000359,0
RADAR_DADA,2701,2026-02-10 10:18:59.303,0.000000,0.000000,0.000000,0,0.000084,0.000072,0.000359,0
RADAR_DADA,2702,2026-02-10 10:18:59.447,0.000000,0.000000,0.000000,0,0.000129,0.000073,0.000367,0
RADAR_DADA,2703,2026-02-10 10:18:59.561,0.000000,0.000000,0.000000,0,0.000042,0.000072,0.000359,0
RADAR_DADA,2704,2026-02-10 10:18:59.701,0.000000,0.000000,0.000000,0,0.000182,0.000072,0.000359,0
RADAR_DADA,2705,2026-02-10 10:18:59.813,0.000000,0.000000,0.000000,0,0.000182,0.000073,0.000367,0
RADAR_DADA,2706,2026-02-10 10:18:59.940,0.000000,0.000000,0.000000,0,0.000131,0.000079,0.000394,0
RADAR_DADA,2707,2026-02-10 10:19:00.053,0.000000,0.000000,0.000000,0,0.000289,0.000079,0.000394,0
RADAR_DADA,2708,2026-02-10 10:19:00.164,0.000000,0.000000,0.000000,0,0.000084,0.000081,0.000404,0
RADAR_DADA,2709,2026-02-10 10:19:00.276,0.000000,0.000000,0.000000,0,0.000267,0.000081,0.000404,0
RADAR_DADA,2710,2026-02-10 10:19:00.403,0.000000,0.000000,0.000000,0,0.000215,0.000084,0.000419,0
RADAR_DADA,2711,2026-02-10 10:19:00.522,0.000000,0.000000,0.000000,0,0.000124,0.000084,0.000419,0
RADAR_DADA,2712,2026-02-10 10:19:00.625,0.000000,0.000000,0.000000,0,0.000123,0.000084,0.000421,0
RADAR_DADA,2713,2026-02-10 10:19:00.737,0.000000,0.000000,0.000000,0,0.000171,0.000103,0.000516,0
RADAR_DADA,2714,2026-02-10 10:19:00.853,0.000000,0.000000,0.000000,0,0.000271,0.000121,0.000607,0
RADAR_DADA,2715,2026-02-10 10:19:00.995,0.000000,0.000000,0.000000,0,0.000104,0.000121,0.000607,0
RADAR_DADA,2716,2026-02-10 10:19:01.155,0.000000,0.000000,0.000000,0,0.000284,0.000123,0.000616,0
RADAR_DADA,2717,2026-02-10 10:19:01.408,0.000000,0.000000,0.000000,0,0.000266,0.000124,0.000621,0
RADAR_DADA,2718,2026-02-10 10:19:01.568,0.000000,0.000000,0.000000,0,0.000237,0.000125,0.000626,0
